RazaoSocial;UF;Total_Despesas;Media_Trimestral;Desvio_Padrao
BRADESCO SAÚDE S.A.;RJ;322829816056.35;1460768398.4450226;3873998642.7536306
AMIL ASSISTÊNCIA MÉDICA INTERNACIONAL S.A.;SP;196868134997.86;532076040.5347567;1816896019.7924166
NOTRE DAME INTERMÉDICA SAÚDE S.A.;SP;89968507352.89;316790518.8482042;923766678.442825
HAPVIDA ASSISTENCIA MEDICA S.A.;CE;88238380836.99;200541774.62952274;758781365.8915883
CAIXA DE ASSISTÊNCIA DOS FUNCIONÁRIOS DO BANCO DO BRASIL;DF;68067241302.36;428095857.24754715;1144503371.2559395
UNIMED BELO HORIZONTE COOPERATIVA DE TRABALHO MÉDICO;MG;49274637816.57;110978914.00128378;407512483.80256
UNIMED DO EST. DO RJ FEDERAÇÃO EST. DAS COOPERATIVAS MÉDICAS;RJ;43900316404.24;337694741.5710769;651387234.8979908
UNIMED DE CIANORTE - COOPERATIVA DE TRABALHO MEDICO ;PR;43199597357.94;258680223.70023954;1896995740.8746622
UNIMED PORTO ALEGRE - COOPERATIVA MÉDICA LTDA.;RS;32557685318.670002;91197998.0915126;309791370.80031836
UNIMED CURITIBA - SOCIEDADE COOPERATIVA DE MÉDICOS;PR;29644337466.09;80555264.85350543;267200705.62259108
UNIMED CAMPINAS - COOPERATIVA DE TRABALHO MÉDICO;SP;26271642252.420002;70813051.89331537;265085493.52830985
OMINT SERVIÇOS DE SAÚDE S.A.;SP;19640590461.59;110340395.85162921;306354969.84864736
FUNDAÇÃO SAÚDE ITAÚ;MG;19330710334.54;191393171.6291089;334054728.2707534
GRUPO HOSPITALAR DO RIO DE JANEIRO LTDA;RJ;18496575651.34;96336331.51739584;253772782.1949673
SERV  SOCIAL AUTÔNOMO DE ASSIST À SAÚDE DOS SERV PÚBLICOS E MILITARES DE GOIÁS;GO;18050303438.420002;176963759.2001961;433359414.3989549
UNIMED VITORIA COOPERATIVA DE TRABALHO MEDICO;ES;16618771508.26;50666986.30567073;162014100.29778555
UNIMED FRANCISCO BELTRAO COOPERATIVA DE TRABALHO MEDICO;PR;16004702390.34;84680965.02825397;691183020.0088402
FUNDAÇÃO CESP;SP;13611900078.32;115355085.40949152;249527070.17100543
UNIMED RECIFE COOPERATIVA DE TRABALHO MÉDICO;PE;13447928337.01;86204668.82698718;183489223.51561603
SAMEDIL SERVIÇOS DE ATENDIMENTO MÉDICO S/A;ES;12870264538.19;117002404.89263637;211316767.08509195
UNIMED DO ESTADO DE SÃO PAULO - FEDERAÇÃO ESTADUAL DAS COOP. MÉDICAS;SP;11858827592.85;64101770.77216216;162943721.56330693
UNIMED GRANDE FLORIANÓPOLIS-COOPERATIVA DE TRABALHO MEDICO;SC;11704250153.09;28000598.45236842;91799586.63355206
UNIMED SAO JOSÉ DO RIO PRETO - COOP. DE TRABALHO MÉDICO;SP;11470005744.37;44630372.546186775;126334427.3785488
BRADESCO SAÚDE - OPERADORA DE PLANOS  S/A;SP;11290181741.06;289491839.51435894;594231619.592299
ASSOCIAÇÃO PETROBRAS DE SAÚDE - APS;RJ;9492632107.74;155616919.7990164;585725601.9610685
CAIXA BENEFICENTE DOS FUNCIONARIOS DO BANCO DO ESTADO DE SÃO PAULO;SP;9316883833.28;51191669.41362638;143615009.4959584
NOTRE DAME INTERMÉDICA MINAS GERAIS SAÚDE S.A.;CE;9102611143.02;31280450.663298972;87955896.54258995
UNIMED DE LONDRINA COOPERATIVA DE TRABALHO MÉDICO;PR;8886393360.46;32670563.825220585;93596276.29822041
UNIMED-SÃO GONÇALO - NITERÓI - SOC.COOP.SERV.MED E HOSP LTDA;RJ;8758962966.41;33688319.101576924;87049996.06712131
UNIMED SOROCABA COOPERATIVA DE TRABALHO MÉDICO;SP;8696823459.32;52390502.76698795;135005803.70598862
UNIMED SERRA GAUCHA/RS COOPERATIVA DE ASSISTENCIA A SAUDE LTDA;RS;8511604731.44;31878669.40614232;95005718.53727612
UNIMED MACEIO COOPERATIVA DE TRABALHO MÉDICO;AL;8502664352.57;28822591.025661018;93438652.52868178
UNIMED DE SANTOS COOP DE TRAB MEDICO;SP;7320780021.61;25157319.661890034;79701567.57108058
UNIMED REGIONAL MARINGÁ COOP.DE TRABALHO MÉDICO;PR;7233013255.82;23637298.221633986;70636736.63651496
SANTA HELENA ASSISTÊNCIA MÉDICA S/A.;SP;7083031232.27;41180414.14110465;97002939.51594077
UNIMED DE RIBEIRAO PRETO - COOPERATIVA DE TRABALHO MÉDICO;SP;7082098524.17;34887184.84812808;84620633.69929071
UNIMED UBERLÂNDIA COOPERATIVA REGIONAL TRABALHO MÉDICO LTDA;MG;6711381388.31;25325967.503056604;70034378.05629197
CLINIPAM CLINICA PARANAENSE DE ASSISTENCIA MEDICA LTDA;CE;6526616710.360001;25494596.524843752;68121588.0185027
UNIMED BLUMENAU - COOPERATIVA DE TRABALHO MEDICO;SC;6356035808.440001;18264470.713908046;58413111.640557885
ODONTOPREV S/A;SP;6317645693.67;74325243.45494118;144132247.29203328
CENTRO TRASMONTANO DE SAO PAULO;SP;6315941150.89;60151820.48466667;123275985.59265146
FUNDAÇÃO SÃO FRANCISCO XAVIER;MG;6124279298.9800005;27837633.17718182;74108908.23386547
UNIMED DO ESTADO DO PARANÁ FEDERAÇÃO ESTADUAL DAS COOPERATIVAS MÉDICAS;PR;6094664264.56;13695874.751820225;52506457.90685739
UNIMED DO ESTADO DE SANTA CATARINA FED. EST. DAS COOP. MÉD.;SC;5942607226.56;14893752.447518798;49361117.73775406
UNIMED DIVINOPOLIS - COOPERATIVA DE TRABALHO MEDICO LTDA;MG;5763094190.4;16465983.401142856;50926357.435895585
POSTAL SAÚDE CAIXA DE ASSISTÊNCIA E SAÚDE DOS EMPREGADOS DOS CORREIOS;DF;5761123493.62;55933237.80213592;189723028.61163402
UNIMED SAO JOSE DOS CAMPOS - COOPERATIVA DE TRABALHO MEDICO;SP;5590284468.1;18950116.841016952;58913178.13432863
ASSOCIAÇÃO DE BENEFICÊNCIA E FILANTROPIA SÃO CRISTOVÃO;SP;5491164384.5;35889963.29738562;91209640.80792613
UNIMED DE PIRACICABA SOCIEDADE COOPERATIVA DE SERVIÇOS MÉDICOS;SP;5304022210.88;12480052.260894118;46031007.58243258
UNIMED DE JOINVILLE COOPERATIVA DE TRABALHO MÉDICO;SC;5243098535.35;25451934.63762136;61599226.076379456
UNIMED - COOPERATIVA DE SERVIÇOS DE SAÚDE DOS VALES DO TAQUARI E RIO PARDO LTDA.;RS;5140673072.34;18693356.62669091;52362741.7394685
CEMIG SAÚDE;MG;5112761632.35;38733042.669318184;94516040.165458
UNIMED LITORAL COOPERATIVA DE TRABALHO MÉDICO LTDA;SC;5023336298.81;21467249.140213676;56446231.875760145
UNIMED DE BAURU COOPERATIVA DE TRABALHO MÉDICO;SP;4909218832.69;9798839.985409182;36910387.114721164
UNIMED JUIZ DE FORA COOPERATIVA DE TRABALHO MÉDICO LTDA;MG;4816396224.78;13195606.095287671;42528562.91127882
UNIMED SERGIPE - COOPERATIVA DE TRABALHO MÉDICO;SE;4812363922.75;18023834.916666668;53918197.717932835
UNIMED DE CASCAVEL COOPERATIVA DE TRABALHO MÉDICO;PR;4783896972.38;17652756.355645757;49687270.01303528
PASA - PLANO DE ASSISTENCIA A SAUDE DO APOSENTADO DA VALE;RJ;4434563342.68;29563755.61786667;78272291.60776937
UNIMED SÃO CARLOS - COOPERATIVA DE TRABALHO MÉDICO;SP;4171669947.11;18137695.42221739;50335809.26498361
UNIMED DE PRESIDENTE PRUDENTE COOPERATIVA DE TRAB. MÉDICO;SP;4011718126.1;12695310.52563291;40271840.51184714
ASSOCIAÇÃO SANTA CASA SAÚDE DE SÃO JOSÉ DOS CAMPOS;SP;3946445837.43;31320998.709761903;81912704.9951763
UNIMED DE MACAÉ COOPERATIVA DE ASSISTÊNCIA À SAÚDE;RJ;3897514845.93;14488902.772973977;39720726.67540867
UNIMED NORTE DO MATO GROSSO COOPERATIVA DE TRABALHO MÉDICO;MT;3737507902.62;17797656.679142855;48122994.215492696
ALICE OPERADORA LTDA.;SP;3663985289.72;32140221.839649122;58449269.94127339
UNIMED JUNDIAI - COOPERATIVA DE TRABALHO MÉDICO;SP;3634205363.9;13263523.225912409;41130856.261623584
UNIMED DE VOLTA REDONDA COOPERATIVA DE TRABALHO MÉDICO;RJ;3625182090.78;16861312.050139535;44631196.730826184
UNIMED VALE DO SINOS - COOPERATIVA DE ASSISTÊNCIA À SAÚDE LTDA;RS;3599674890.5499997;15650760.39369565;44701481.03167438
HUMANA SAÚDE LTDA.;PR;3525329531.28;12681041.479424462;34303395.088236116
UNIMED CARUARU-COOPERATIVA DE TRABALHO MEDICO;PE;3479887847.84;17486873.60723618;46915419.547608644
UNIMED SUL CAPIXABA COOPERATIVA DE TRABALHO MÉDICO;ES;3451882242.09;14382842.675375002;40952253.15807695
UNIMED NOVA FRIBURGO-SOC.COOP.SERV.MED.HOSP.LTDA.;RJ;3425158475.84;13431994.022901962;36235275.77256885
UNIMED UBERABA COOPERATIVA DE TRABALHO MEDICO LTDA.;MG;3406208063.61;12709731.58063433;35323149.4561673
UNIMED DE SANTA BÁRBARA D'OESTE E AMERICANA - COOP DE TRABALHO MÉDICO;SP;3314747334.4900002;11086111.486588629;33690353.50125147
UNIMED NOVA IGUACU COOPERATIVA DE TRABALHO MEDICO;RJ;3267389516.86;19923106.810121953;46574830.438244715
UNIMED DE MARILIA COOPERATIVA DE TRABALHO MÉDICO;SP;3183902869.84;7353124.410715936;28025189.02503031
UNIMED VALE DO SÃO FRANCISCO COOPERATIVA DE TRABALHO MÉDICO;PE;3160924263.83;14048552.283688888;38638221.97418903
METRUS INSTITUTO DE SEGURIDADE SOCIAL;SP;3155418368.89;20623649.46986928;53405628.862028554
UNIMED PONTA GROSSA COOPERATIVA DE TRABALHO MEDICO;PR;3155028492.02;14743123.79448598;34047388.778256916
LEVE SAUDE OPERADORA DE PLANOS DE SAUDE S.A;RJ;3139331329.49;16350684.007760415;40607346.94422014
SOBAM CENTRO MÉDICO HOSPITALAR S.A.;SP;3051170909.64;18951372.109565217;53875821.13335804
SAMEL PLANO DE SAÚDE LTDA;AM;3000731949.0099998;37983948.721645564;79858460.29917409
FUNDAÇÃO COPEL DE PREVIDÊNCIA E ASSISTÊNCIA SOCIAL;PR;2967653327.35;17770379.20568862;46473274.17747093
UNIMED DE ARARAQUARA - COOP. DE TRAB. MÉDICO;SP;2964912293.03;19506001.92782895;42736234.534730494
MEDISERVICE OPERADORA DE PLANOS DE SAÚDE S.A.;SP;2964574766.89;42351068.09842857;81852353.36573802
UNIMED REGIONAL DA BAIXA MOGIANA - COOPERATIVA DE TRABALHO MÉDICO;SP;2944534865.7;10630089.767870035;35922871.408195
UNIMED FRANCA - SOCIEDADE COOPERATIVA DE SERVIÇOS MÉDICOS E HOSPITALARES;SP;2923685293.69;7420521.049974619;27691143.229236007
REAL GRANDEZA - FUNDAÇÃO DE PREVIDÊNCIA E ASSISTÊNCIA SOCIAL;RJ;2900637366.73;14288854.023300493;37698288.05387676
COOPERATIVA CENTRAL UNIMED DE COOPERATIVAS DE ASSISTÊNCIA À SAÚDE DO RIO GRANDE DO SUL LTDA.;RS;2796273433.25;9049428.58656958;30568168.936255787
UNIMED DE CRICIÚMA COOPERATIVA DE TRABALHO MÉDICO DA REGIÃO CARBONÍFERA;SC;2779599773.24;6697830.778891565;24717702.263725135
CAIXA DE PREVIDÊNCIA E ASSISTÊNCIA DOS SERVIDORES DA FUNDAÇÃO NACIONAL DE SAÚDE - CAPESESP;RJ;2737837763.4900002;26580949.16009709;60309170.70966842
FUNDAÇÃO CHESF DE ASSISTÊNCIA E SEGURIDADE SOCIAL;PE;2715332052.02;28284708.875208333;65420876.62693644
ASSOCIACAO DOS AUDITORES FISCAIS DA RECEITA ESTADUAL DE SAO PAULO;SP;2674421640.37;34732748.57623377;73036647.8966936
UNIMED GOVERNADOR VALADARES COOP. DE TRABALHO MÉDICO LTDA.;MG;2668288846.67;11402943.789188035;30573568.39546192
COOPERATIVA DE TRABALHO MÉDICO DE POUSO ALEGRE;MG;2652884903.83;9407393.275992908;28231064.86749959
ASSOCIAÇÃO SANTA SAÚDE;SP;2631434171.01;19348780.669191178;48741290.229198895
ASSOCIAÇÃO DE SAÚDE PORTUGUESA DE BENEFICÊNCIA;SP;2618692786.47;24939931.299714282;49066564.845474035
UNIMED DO CEARÁ - FEDERAÇÃO DAS SOCIEDADES COOPERATIVAS MÉDICAS DO ESTADO DO CEARÁ LTDA.;CE;2558057577.06;19379224.06863636;43985493.74134885
UNIMED SANTA MARIA/RS - COOPERATIVA DE ASSISTÊNCIA À SAÚDE LTDA;RS;2472427249.59;10301780.206625002;28008465.6594829
UNIMED SALTO/ITU - COOPERATIVA MÉDICA;SP;2468448218.79;8040547.943941368;24326534.26274959
ALVORECER - ASSOCIAÇÃO DE SOCORROS MÚTUOS;SP;2430689645.39;33759578.408194445;62616155.4598214
KLINI PLANOS DE SAÚDE LTDA;RJ;2382189063.56;23128049.160776697;46390634.89482717
UNIMED CHAPECÓ - COOPERATIVA DE TRABALHO MÉDICO DA REGIÃO OESTE CATARINENSE;SC;2333100398.73;11903573.462908164;27562892.09462558
PROMÉDICA - PROTEÇÃO MEDICA A EMPRESAS S.A.;BA;2305050149.33;28110367.674756095;58536764.09745678
UNIMED PATOS DE MINAS COOPERATIVA TRABALHO MÉDICO LTDA.;MG;2303370549.22;9032825.683215685;24862540.132213224
SERVIÇO SOCIAL DA INDÚSTRIA DO PAPEL, PAPELÃO E CORTIÇA DO ESTADO DE SÃO PAULO - SEPACO;SP;2257727937.35;34734275.959230766;54931127.00700148
UNIMED DE CAMPOS COOPERATIVA DE TRABALHO MÉDICO;RJ;2248039552.82;9525591.325508475;25132327.415379647
UNIMED RONDONOPOLIS COOPERATIVA DE TRABALHO MÉDICO LTDA;MT;2231787806.2000003;6583444.856047198;20937631.538988322
CAIXA DE ASSISTÊNCIA À SAÚDE - CABERJ;RJ;2209397349.65;13554584.967177914;31043589.34552015
CIRCULO OPERARIO CAXIENSE;RS;2193516716.35;12606417.91005747;30961234.15154934
UNIMED ANHANGUERA COOPERATIVA DE TRABALHO MÉDICO;SP;2134481559.97;10164197.904619047;29244384.209906146
UNIMED DE GUARULHOS COOPERATIVA DE TRABALHO MÉDICO;SP;2112691649.59;9389740.664844444;24694739.059457377
AUSTACLINICAS ASSISTÊNCIA MÉDICA E HOSPITALAR LTDA;SP;2091283609.25;12751729.324695121;30385952.90833795
UNIMED DO SUDOESTE COOPERATIVA DE TRABALHO MEDICO LTDA;BA;2056970954.8700001;9142093.132755555;23833890.315980528
AMPLA PLANOS DE SAUDE LTDA;RJ;2049270545.33;42693136.361041665;63647927.94995196
2CARE OPERADORA DE SAÚDE LTDA.;SP;2022218203.57;17137442.403135594;41400364.193181284
UNIMED AMPARO COOPERATIVA DE TRABALHO MÉDICO;SP;1994675747.4;8345923.629288703;21856884.137326088
UNIMED RIO VERDE COOPERATIVA TRABALHO MEDICO;GO;1986211825.98;8275882.6082500005;21740884.48293811
INTEGRA ASSISTENCIA MEDICA SA;SP;1978400688.99;43008710.63021739;58885440.643675014
UNIMED DE BOTUCATU COOPERATIVA DE TRABALHO MÉDICO;SP;1944554592.46;11644039.475808384;29598277.57806168
UNIMED LESTE PAULISTA COOPERATIVA DE TRABALHO MÉDICO;SP;1944381217.06;5804123.035999999;20702154.366390128
FUNDAÇÃO CELESC DE SEGURIDADE SOCIAL - CELOS;SC;1936420705.07;12102629.4066875;29682555.066149306
UNIMED DE LIMEIRA COOPERATIVA DE TRABALHO MÉDICO;SP;1929849765.42;8654034.822511211;24796325.753983367
ASSOCIAÇÃO DR. BARTHOLOMEU TACCHINI;RS;1902001179.61;12851359.321689188;31356888.162691228
UNIMED DE BEBEDOURO COOPERATIVA DE TRABALHO MÉDICO;SP;1852273344.57;9035479.729609756;23095429.18092633
UNIMED COSTA OESTE - COOPERATIVA DE TRABALHO MÉDICO;PR;1819405193.64;6640164.940291971;19187217.6076644
ABERTTA SAÚDE - ASSOCIAÇÃO BENEFICENTE DOS EMPREGADOS DA ARCELORMITTAL NO BRASIL;MG;1811168188.02;9055840.9401;21262440.48841333
ASSOCIAÇÃO EVANGELICA BENEFICENTE DE LONDRINA;PR;1810759975.75;7838787.773809524;20372285.367139477
UNIMED PELOTAS/RS - COOPERATIVA DE ASSISTÊNCIA À SAÚDE LTDA.;RS;1775449107.53;10030785.918248588;23446676.76894199
S.P.A SAUDE- SISTEMA DE PROMOÇÃO ASSISTENCIAL;SP;1768232035.7;13098015.07925926;27869110.85595446
UNIMED DE DOURADOS COOPERATIVA DE TRABALHO MÉDICO LTDA;MS;1733108807.12;6823263.02015748;17033415.36353653
UNIMED DE TUBARAO - COOPERATIVA DE TRABALHO MEDICO DA REGIAO DA AMUREL;SC;1724041616.9;4431983.591002571;13994788.343483262
UNIMED DE ARACATUBA - COOPERATIVA DE TRABALHO MÉDICO;SP;1700939114.05;5707849.376006711;15886512.834444115
SERMED-SAÚDE LTDA.;SP;1694658067.6200001;7773660.860642202;24394099.756773192
UNIMED NOROESTE/RS - SOCIEDADE COOPERATIVA DE ASSISTÊNCIA À SAÚDE LTDA.;RS;1694317274.72;6516604.902769231;18536793.373828895
UNIMED RIO BRANCO COOPERATIVA DE TRABALHO MEDICO LTDA;AC;1665025032.3500001;6330893.659125476;18064143.467080686
IRMANDADE DA SANTA CASA DE MISERICÓRDIA DE PIRACICABA;SP;1650081489.6;19186994.06511628;40118144.20119686
UNIMED NOROESTE CAPIXABA COOPERATIVA DE TRABALHO MÉDICO.;ES;1626636958.11;9036871.9895;20288225.945547476
FUNDAÇÃO SANEPAR DE ASSISTÊNCIA SOCIAL;PR;1611445917.94;12025715.805522388;30626187.087759808
UNIMED PATO BRANCO SOCIEDADE COOPERATIVA DE MÉDICOS;PR;1607018533.49;5268913.224557377;16879004.11219623
UNIMED PLANALTO MÉDIO/RS - COOPERATIVA DE ASSISTÊNCIA À SAÚDE LTDA.;RS;1596814920.36;9448608.996213017;18158458.970953453
SÃO LUCAS SAÚDE S/A;SP;1593938750.94;16603528.655625;35846243.62430654
UNIMED PETROPOLIS-RJ COOPERATIVA DE TRABALHO MÉDICO;RJ;1511635179.37;7409976.369460784;19280766.486533873
ECONOMUS INSTITUTO DE SEGURIDADE SOCIAL;SP;1508870429.71;11430836.588712122;23208949.613839418
UNIMED DE RIO CLARO SP COOPERATIVA DE TRABALHO MEDICO;SP;1492244091.26;4077169.648251366;15222333.832454644
SANTA CASA DE MISERICÓRDIA DE JUIZ DE FORA;MG;1483721005.22;9047079.300121952;20372169.39952165
UNIMED ANÁPOLIS COOPERATIVA DE TRABALHO MÉDICO.;GO;1469329846.28;5014777.632354949;13535684.343476746
UNIMED MONTES CLAROS COOPERATIVA DE  TRABALHO MÉDICO LTDA.;MG;1406179213.59;7400943.229421052;15070990.685457794
UNIMED DE OURINHOS - COOPERATIVA DE TRABALHO MÉDICO;SP;1402786574.84;8251685.734352941;19745452.369470492
PLANO DE SAÚDE DA SANTA CASA DE BRAGANÇA PAULISTA;SP;1387113506.03;10274914.859481482;24830950.293618694
UNIMED VARGINHA COOPERATIVA DE TRABALHO MÉDICO;MG;1354699828.18;5230501.267104248;13703522.591624914
UNIMED TEOFILO OTONI COOPERATIVA DE TRABALHO MÉDICO;MG;1347562309.56;9167090.541224489;17932732.540306263
MÚTUA DOS MAGISTRADOS DO ESTADO DO RIO DE JANEIRO;RJ;1346042629.7;21365756.02698413;29565293.93941941
UNIMED PALMAS COOPERATIVA DE TRABALHO MÉDICO;TO;1342233285.06;5687429.1739830505;13101404.389848348
UNIMED REGIONAL DE CAMPO MOURÃO COOP TRAB MEDICO ;PR;1334169886.83;7941487.421607142;18135160.15969538
UNIMED ENCOSTA DA SERRA/RS SOCIEDADE COOPERATIVA DE SERVIÇOS DE SAÚDE LTDA.;RS;1268556223.1;7207705.813068181;16512524.292694641
UNIMED METROPOLITANA DO AGRESTE - COOPERATIVA DE TRABALHO MÉDICO;AL;1237745012.14;5730300.98212963;14602114.515770603
UNIMED COSTA DO DESCOBRIMENTO COOPERATIVA DE TRABALHO MÉDICO;BA;1236177467.32;6307027.894489796;16056303.864551587
UNIMED CONSELHEIRO LAFAIETE COOPERATIVA DE TRABALHO MÉDICO LTDA;MG;1195600776.81;4066669.308877551;11468756.965053879
UNIMED NORTE CAPIXABA- COOPERATIVA DE TRABALHO MÉDICO;ES;1180613608.09;5045357.299529914;13808489.956237666
CAIXA DE ASSISTENCIA A SAUDE DA UNIVERSIDADE;MG;1172794059.39;10565712.246756759;24006368.605276044
UNIMED GUARAPUAVA COOPERATIVA DE TRABALHO MÉDICO;PR;1158133648.28;5013565.576969697;11687140.444517765
ASSOCIAÇÃO ADVENTISTA NORTE BRASILEIRA DE PREVENÇÃO E ASSISTÊNCIA A SAÚDE;PA;1150870801.63;14946374.04714286;26781311.113460016
BENEFICENCIA CAMILIANA DO SUL;SP;1150192564.79;14559399.554303797;29674334.26234013
UNIMED DE CATANDUVA - COOPERATIVA DE TRABALHO MÉDICO;SP;1145533824.1299999;5328064.298279069;12788532.480181271
SIM - CAIXA DE ASSISTÊNCIA À SAÚDE;SC;1139452670.61;10173684.559017856;21559754.58315604
UNIMED VALE DO CAÍ/RS - COOPERATIVA DE ASSISTÊNCIA À SAÚDE LTDA.;RS;1122896537.11;5477544.083463415;13688953.960953299
ASSOCIAÇÃO DA SANTA CASA SAÚDE DE RIBEIRÃO PRETO;SP;1114895744.26;8137925.140583942;16596786.420775197
IRMANDADE SANTA CASA DE MISERICÓRDIA DE MARINGÁ;PR;1100131821.81;7143713.128636363;16879223.48854258
UNIMED DE ASSIS COOPERATIVA DE TRABALHO MÉDICO;SP;1099629662.55;3383475.8847692306;10288901.755909476
UNIMED BARRA DO GARÇAS - COOPERATIVA DE TRABALHO MÉDICO;MT;1099372054.46;3777910.8400687287;10779652.16219229
SELECT OPERADORA DE PLANO DE SAUDE LTDA;GO;1060200447.75;11278728.167553192;23994915.636542857
UNIMED EXTREMO SUL COOPERATIVA DE TRABALHO MÉDICO;BA;1046039413.29;4865299.596697674;11730696.363704521
UNIMED POÇOS DE CALDAS - SOC. COOP. DE TRAB. E SERVIÇOS MÉDICOS;MG;1042750822.84;4965480.108761905;13964554.272960922
FUNDAÇAO COMPESA DE PREVIDENCIA E ASSISTENCIA - COMPESAPREV;PE;1041264814.76;8899699.271452991;21740101.398601066
UNIMED DE BARRA MANSA SOC. COOP. SERV.MED.E HOSPIT.;RJ;1032785651.95;6931447.328523491;15470120.858779285
UNIMED CURVELO COOPERATIVA DE TRABALHO MÉDICO LTDA.;MG;1025623826.24;3770675.831764706;10684238.010800544
UNIMED INCONFIDENTES COOPERATIVA DE TRABALHO MÉDICO LTDA.;MG;1024556596.38;4699800.900825688;12331077.664851207
ASSOCIAÇÃO SÃO FRANCISCO VIDA;SP;1023018893.62;10029596.99627451;22375790.00216878
LUMINAR SAÚDE - ASSOCIAÇÃO DE ASSISTÊNCIA À SAÚDE;DF;996138787.17;5413797.756358695;13681126.07836472
UNIMED DE PARANAGUÁ COOPERATIVA DE TRABALHO MÉDICO;PR;992781139.27;5577422.1307303365;12276049.981304102
UNIMED NORTE FLUMINENSE COOPERATIVA DE TRABALHO MEDICO;RJ;991341083.43;5763610.950174418;11941995.301235303
UNIMED RESENDE COOPERATIVA DE TRABALHO MÉDICO;RJ;973667956.08;5830347.04239521;13603648.324065639
UNIMED DE SÃO ROQUE - COOPERATIVA DE TRABALHO MÉDICO;SP;973077722.4;4964682.257142857;12283167.638693022
UNIMED DE PARANAVAÍ COOPERATIVA DE TRABALHO MÉDICO;PR;942464478.15;4960339.35868421;10889622.960164767
UNIMED MISSÕES/RS - COOPERATIVA DE ASSISTÊNCIA À SAÚDE LTDA.;RS;939956578.31;5053529.990913978;11679001.902790174
ASSOCIAÇÃO PADRE ALBINO SAÚDE;SP;937258079.99;10187587.82597826;19999369.76930492
IRMANDADE DA SANTA CASA DE MISERICÓRDIA DE RIO CLARO;SP;931316551.66;5857336.802893082;14863693.653419247
AMESC - ASSOCIAÇÃO MÉDICA ESPÍRITA CRISTÃ;RJ;923118491.01;7155957.294651163;17562526.317102946
CAIXA ASSISTENCIAL E BENEFICENTE DOS FUNCIONÁRIOS DA ACARESC;SC;910839540.47;6952973.591374046;15911044.517182764
AMEPLAN ASSISTÊNCIA MÉDICA PLANEJADA LTDA;SP;900666300.11;10352486.20816092;14068774.939681966
ASSOCIAÇÃO DOS SERVIDORES FISCAIS DO ESTADO DA BAHIA;BA;879410005.69;10108160.98494253;20800432.047621682
UNIMED REGIONAL SUL GOIAS COOP. DE TRABALHO MÉDICO LTDA;GO;877344167.02;5042207.856436782;10857365.896897238
ELOSAÚDE - ASSOCIAÇÃO DE ASSISTÊNCIA À SAÚDE;SC;867402410.29;5421265.0643125;12963578.648874313
UNIMED OESTE DO PARANA - COOPERATIVA DE TRABALHO MEDICO;PR;866393524.72;2987563.878344828;8763261.800633647
ASSOCIAÇÃO BENEFICENTE DOS PROFESSORES PÚBLICOS ATIVOS E INATIVOS DO RIO DE JANEIRO - APPAI;RJ;864693300.35;13725290.481746033;23208951.176734116
UNIMED VALE DO AÇO COOPERATIVA DE TRABALHO MÉDICO;MG;861668662.9499999;6068089.175704225;13302526.48563284
UNIMED APUCARANA COOPERATIVA DE TRABALHO MÉDICO;PR;861608634.13;5128622.822202381;11502409.40622646
FUNDAÇÃO DE SEGURIDADE SOCIAL DA ARCELORMITTAL BRASIL - FUNSSEST;ES;848964940.73;12128070.581857143;21426440.971242703
UNIMED DE JABOTICABAL COOP. DE TRABALHO MÉDICO;SP;839417417.09;3850538.610504587;10286790.465938766
ASSOCIAÇÃO SANTA CASA SAÚDE DE ARAÇATUBA;SP;837170400.58;5136014.727484663;11113644.08726986
ASSOCIAÇAO DOS FUNCIONARIOS PUBLICOS DO ESTADO DO RIO GRANDE DO SUL;RS;832877121.62;7058280.691694915;15430581.11962318
UNIMED JOÃO MONLEVADE COOPERATIVA DE TRABALHO MÉDICO LTDA.;MG;825794225.13;3970164.543894231;9781855.010845007
AGROS - INSTITUTO UFV DE SEGURIDADE SOCIAL;MG;818176181.23;6342451.017286822;15328508.87314163
UNIMED PARÁ DE MINAS COOPERATIVA DE TRABALHO MÉDICO LTDA.;MG;808813709.1899999;3301280.445673469;8771388.719941242
UNIMED SÃO JOÃO DEL REI - COOPERATIVA DE TRABALHO MÉDICO;MG;808495665.08;3340891.178016529;8925197.184572158
CAIXA DE ASSISTÊNCIA DOS EMPREGADOS DA SANEAGO;GO;807202585.13;9965464.013950618;20045695.63043461
UNIMED ARAXÁ COOPERATIVA DE TRABALHO MÉDICO LTDA.;MG;793315050.09;3557466.592331839;8093171.164349171
UNIMED OESTE DO PARÁ - COOPERATIVA DE TRABALHO MÉDICO;PA;791616576.54;14136010.295357142;19609047.559571113
UNIMED ITABIRA COOPERATIVA DE TRABALHO MÉDICO;MG;790611302.14;6427734.163739838;11128790.255011545
CAIXA DE ASSISTÊNCIA DOS SERVIDORES FAZENDÁRIOS ESTADUAIS;CE;790157914.03;13623412.310862068;24151413.068302516
UNIMED DE CAÇAPAVA - COOPERATIVA DE TRABALHO MEDICO;SP;778863195.21;2884678.5007777778;7649906.063145949
SAMI ASSISTÊNCIA MÉDICA LTDA;SP;769034958.5500001;9047470.100588236;17284034.34224737
ASSISTÊNCIA MÉDICA SÃO MIGUEL LTDA;SP;768382467.96;13023431.660338983;20481949.060127977
UNIMED CENTRO SUL FLUMINENSE COOPERATIVA DE TRABALHO MÉDICO;RJ;762343664.45;4258903.153351955;9892921.603801724
GOCARE PLANOS DE SAUDE LTDA;SP;762092252.99;5219809.951986302;10090589.944597766
UNIMED ERECHIM - COOPERATIVA DE SERVIÇOS DE SAÚDE LTDA.;RS;761731639.79;3187161.672761506;8398016.62846927
UNIMED FRONTEIRA NOROESTE/RS - COOPERATIVA DE ASSISTÊNCIA À SAÚDE LTDA.;RS;756045082.46;2690551.894875445;7924423.417559657
UNIMED ITAJUBA COOPERATIVA DE TRABALHO MEDICO;MG;745989667.6;3947035.2783068786;11808426.063242435
NOVA SAÚDE OPERADORA INTEGRADA DE SAÚDE LTDA;RJ;745740578.28;13810010.708888888;20104046.175133854
UNIMED DE LENÇOIS PAULISTA - COOPERATIVA DE TRABALHO MÉDICO;SP;741603830.46;3671306.091386139;8663965.06236594
UNIMED BARBACENA - COOPERATIVA DE TRABALHO MÉDICO LTDA;MG;738836159.93;4320679.297836257;9926983.717783546
CAIXA DE ASSISTÊNCIA DOS EMPREGADOS DO SISTEMA FINANCEIRO BANESTES;ES;734075380.35;7126945.440291262;12566095.371551355
GARANTIA DE SAÚDE LTDA;SP;730925050.42;8401437.361149425;17037519.68548742
UNIMED ARAGUARI COOPERATIVA DE TRABALHO MÉDICO ;MG;721671740.42;3590406.6687562186;9100002.834609501
UNIMED SAÚDE E ODONTO S.A;SP;719908174.41;14115846.557058822;20524339.009400345
UNIMED CABO FRIO COOPERATIVA TRABALHO MÉDICO LTDA.;RJ;716370826.55;4264112.062797619;9383164.40137737
UNIMED NOROESTE DO PARANÁ COOP DE TRABALHO MÉDICO .;PR;713159536.55;3301664.5210648146;8190749.314877194
UNIMED DE LINS - COOPERATIVA DE TRABALHOS MÉDICOS;SP;708264132.92;2938855.3233195017;7592968.143964639
VIVACOM PLANOS DE SAÚDE;GO;700040170.42;4762178.030068027;10659337.72701147
ESMALE ASSISTENCIA INTERNACIONAL DE SAUDE LTDA.;AL;697665829.12;11627763.818666667;16052581.412326029
PARANA ASSISTENCIA MEDICA LTDA;PR;682045959.37;3647304.5955614974;8964713.188184017
UNIMED EXTREMO OESTE CATARINENSE COOPERATIVA DE TRABALHO MÉDICO;SC;678297199.52;2540438.9495131085;6784709.830388768
UNIODONTO DE CAMPINAS COOPERATIVA ODONTOLÓGICA;SP;656803497.78;8420557.663846154;14759189.677725488
TEMPO MED PLANO DE SAUDE LTDA;SC;656119856.78;5166298.08488189;10378811.677935705
IRMANDADE DA SANTA CASA DE MISERICORDIA DE LIMEIRA;SP;656091838.63;6189545.64745283;12464400.516296359
UNIMED MURIAÉ COOPERATIVA DE TRABALHO MEDICO LTDA;MG;652293598.95;5017643.068846154;11090509.775634691
UNIMED NORTE PIONEIRO - COOPERATIVA DE TRABALHO MÉDICO;PR;651668703.62;3226082.691188119;7839933.4025402665
SULMED - ASSISTÊNCIA MÉDICA LTDA;RS;642251057.02;4792918.335970149;12457070.538501255
UNIMED DE GUARATINGUETA-COOPERATIVA DE TRABALHO MÉDICO;SP;634867671.51;4176760.996776316;9219264.813764611
FUNDACAO LEONOR DE BARROS CAMARGO;SP;633046276.44;7112879.510561799;13895227.121459486
UNIMED VALE DAS ANTAS, RS - COOPERATIVA DE ASSISTÊNCIA À SAÚDE LTDA.;RS;624660960.72;2946513.9656603774;6794571.394781267
UNIMED LAVRAS COOPERATIVA DE TRABALHO MÉDICO;MG;620183666.54;2145964.244083045;6742302.93920978
ASSOCIAÇÃO POLICIAL DE ASSISTÊNCIA À SAÚDE;SP;620053338.19;2222413.398530466;5585086.15474745
UNIMED ALTA MOGIANA COOPERATIVA DE TRABALHO MÉDICO;SP;606595782.81;3048220.0141206025;7318974.170249104
PLAMED PLANO DE ASSISTENCIA MEDICA LTDA;SE;606513901.97;8196133.810405406;15913933.45367789
MATÃO CLINICAS & AMHMA SAÚDE LTDA;SP;589010834.82;5077679.610517242;10719598.873779502
ASSOCIAÇÃO DE SAÚDE DO VALE;SC;586454831.1;6108904.490625001;11625108.652847739
UNIMED SUL PAULISTA - COOPERATIVA DE TRABALHO MÉDICO;SP;582151282.46;3000779.8064948455;7638805.863798579
ASSOCIAÇÃO DE SAÚDE DOS FORNECEDORES DE CANA DE PIRACICABA E REGIÃO;SP;580057391.09;5743142.486039604;13568424.308843702
PRONTOMED PLANOS DE SAÚDE LTDA;MG;573413084.1800001;3822753.894533334;8471711.996492572
BEST SENIOR OPERADORA DE SAÚDE LTDA;ES;569770793.62;6401919.029438202;12796748.63328593
ASSOCIAÇÃO DO PLANO DE SAÚDE DA SANTA CASA DE MISERICÓRDIA DE ITABUNA - PLANSUL;BA;554673967.45;3578541.725483871;8058066.588583887
AMHE MED ASSISTENCIA A SAUDE LTDA - EPP;SP;554441764.62;7108227.751538462;14651876.452655753
SUL AMÉRICA ODONTOLÓGICO S/A;SP;553834877.15;4693515.908050847;9955002.839757835
UNIMED COSTA VERDE RJ;RJ;552038320.59;3608093.5986274513;7928670.997950995
UNIMED ITAÚNA COOPERATIVA DE TRABALHO MÉDICO LTDA.;MG;548131273.48;1993204.6308363636;5621170.053005078
ASSOCIAÇÃO MINEIRA DE ASSISTÊNCIA À SAÚDE DOS MEMBROS DO MINISTÉRIO PÚBLICO;MG;547491024.15;18249700.805;18168107.24152771
UNIMED ITUIUTABA COOPERATIVA TRABALHO MÉDICO LTDA.;MG;542153065.63;2475584.77456621;6538773.190527652
SANTA CASA DE MISERICORDIA DE SAO JOAQUIM DA BARRA;SP;536767627.77;3753619.7746153846;8529871.76912566
UNIMED NOROESTE FLUMINENSE - COOPERATIVA DE TRABALHO MÉDICO LTDA;RJ;535167825.35;5298691.34009901;9456399.161804188
ELETROS SAÚDE - ASSOCIAÇÃO DE ASSISTÊNCIA À SAÚDE;RJ;533439732.09000003;3730347.776853147;9081530.396468926
PLADISA PLANOS DE SAÚDE SA;SC;529262414.83;4268245.280887096;9930745.777452238
UNIMED GUAXUPÉ COOPERATIVA DE TRABALHO MEDICO;MG;527898242.4;2078339.5370078739;5346168.45066608
UNIMED SÃO LOURENÇO COOPERATIVA DE TRABALHO MÉDICO;MG;525177915.92;2152368.5078688525;5950894.78786597
UNIMED ALTO DA SERRA - SOCIEDADE COOPERATIVA DE SERVIÇO MÉDICO LTDA.;RS;525159472.44;2721033.535958549;5952216.365602119
FUNDAÇÃO LIBERTAS DE SEGURIDADE SOCIAL;MG;523048208.25;3992734.4141221372;10108749.205954757
UNIMED DE PINDAMONHANGABA - COOPERATIVA TRABALHO MEDICO;SP;519365810.17;1945190.3002621722;5680409.328855033
COOPERATIVA DE TRABALHO MÉDICO DO PLANALTO NORTE DE SANTA CATARINA LTDA;SC;517133758.0;1944111.8721804512;5404422.420864176
AMHA SAUDE S/A;SP;516975473.51;6154469.922738095;13241072.413721578
UNIMED NORTE PAULISTA - COOPERATIVA DE TRABALHO MÉDICO;SP;515316500.09;2147152.0837083333;6263137.304889959
COOPERATIVA DE TRABALHO MEDICO REGIÃO DO PLANALTO SERRANO;SC;514562492.79;1536007.4411641792;4258478.996734292
ASSOCIAÇÃO MAIS SAÚDE SANTA CASA DE SÃO JOÃO DA BOA VISTA;SP;510223843.49;5932835.389418605;12251672.259241637
SAMOC S.A. - SOCIEDADE ASSISTENCIAL MÉDICA E ODONTO CIRÚRGICA;RJ;510200117.84;4768225.400373831;9262827.290525597
INSTITUIÇÃO BENEFICENTE CEL MASSOT - IBCM;RS;505642467.88;4909150.173592233;10199033.371175319
CAIXA DE ASSISTÊNCIA À SAÚDE DO SINDICATO DOS FUNCIONÁRIOS INTEGRANTES DO GRUPO OCUPACIONAL ADMINISTRAÇÃO TRIBUTÁRIA DO ESTADO DE PERNAMBUCO;PE;504568930.22;5799642.876091954;12702742.487441447
COOPERATIVA DE TRABALHO MEDICO DE ARAGUAÍNA - UNIMED ARAGUAÍNA;TO;502198558.58;1233903.0923341522;3913747.7017047876
SAÚDE BRASIL ASSISTÊNCIA MÉDICA LTDA.;SP;490148542.8;5766453.444705882;7656489.634173997
UNIMED DE BIRIGUI - COOPERATIVA DE TRABALHO MÉDICO;SP;485759452.21;1990817.4270901638;5447708.7709721
AMAZÔNIA PLANOS DE SAÚDE LTDA;PA;485740633.83;5223017.568064516;10990280.174732419
UNIMED PATROCÍNIO COOPERATIVA DE TRABALHO MÉDICO LTDA.;MG;480624727.23;3080927.738653846;6454375.569686429
UNIMED DE TAUBATÉ COOPERATIVA DE TRABALHO MÉDICO;SP;475435050.2;2463394.0424870467;5588657.645542619
ASSOCIAÇÃO SAÚDE SÃO JOSÉ;SC;473052458.06;3071769.208181818;7344392.1052150205
UNIMED DE LORENA COOPERATIVA DE TRABALHO MÉDICO;SP;471841271.57;2407353.426377551;5936069.293990614
FEDERAÇÃO DAS SOCIEDADES COOPERATIVAS DE TRABALHO MÉDICO DO ACRE, AMAPÁ, AMAZONAS, PARÁ, RONDONIA E RORAIMA;AM;470272021.81;11470049.312439024;26001788.46861414
UNIMED VALE DO JAURU COOPERATIVA DE TRABALHO MÉDICO;MT;465302415.93;2448960.083842105;6076966.807790458
UNIMED DE AVARÉ COOPERATIVA DE TRABALHO MÉDICO;SP;464622026.93;2288778.457783251;5448055.593877151
ÚNICA ASSISTENCIA MEDICA LTDA ;SP;464475619.58;9107365.089803921;14486256.670212824
ASSOCIAÇÃO SÃO LUIZ SAÚDE;SP;462754427.94;6427144.8325;12606517.566252334
UNIMED DE BARRETOS COOPERATIVA DE TRABALHO MÉDICO;SP;460575350.87;3437129.484104478;7666531.219327428
UNIMED ALTO SÃO FRANCISCO COOPERATIVA DE TRABALHO MÉDICO;MG;460273458.21;1770282.531576923;4703156.200965662
IRMANDADE DE MISERICÓRDIA DO HOSPITAL DA SANTA CASA DE MONTE ALTO;SP;458054112.14;4164128.2921818183;8634314.933723662
DENTAL UNI - COOPERATIVA ODONTOLÓGICA;PR;445649558.65;8738226.640196078;11835659.774555778
ANAFE SAUDE;GO;444723721.7;4447237.217;9493249.782367172
UNIMED-RIO COOPERATIVA DE TRABALHO MEDICO DO RIO DE JANEIRO;RJ;438286071.59999996;27392879.474999998;31307801.130560968
UNITY SERVIÇOS INTEGRADOS DE SAÚDE LTDA.;DF;435506272.01;4733763.826195652;9003110.974021751
CAIXA DE ASSISTÊNCIA AOS MEMBROS DA DEFENSORIA PÚBLICA DO ESTADO DO RIO DE JANEIRO;RJ;433694408.1;4517650.084375001;7490555.303415992
UNIMED DE CAPIVARI -COOPERATIVA DE TRABALHO MÉDICO;SP;422137391.0;1592971.286792453;4867958.809700454
IRMANDADE DA SANTA CASA DE MISERICÓRDIA DE PASSOS;MG;415696830.14;3407351.0667213113;7842443.227741544
IRMANDADE DE MISERICORDIA DE PORTO FERREIRA;SP;407030292.4;5152282.18227848;10279283.758284094
UNIMED VERTENTE DO CAPARAÓ - COOPERATIVA DE TRABALHO MÉDICO LTDA;MG;404734004.2;2628142.884415584;4907171.158155596
UNIMED CATAGUASES COOPERATIVA DE TRABALHO MÉDICO LTDA;MG;392556822.87;1432689.1345620437;3942640.910072625
UNIMED DE TUPA COOPERATIVA DE TRABALHO MÉDICO;SP;384605280.67;1788861.7705581395;4941934.029944191
OPERADORA DE PLANOS PRIVADOS DE SAÚDE - SANTA CASA SAÚDE LTDA;MS;379328420.85;3059100.1681451616;6454965.476641303
SANTA CASA DE MISERICÓRDIA DE VOTUPORANGA;SP;379080782.52;3948758.1512499996;7068274.948457552
UNIMED VIÇOSA - COOPERATIVA DE TRABALHO MÉDICO;MG;372313716.94;1715731.414470046;4643297.324490282
INTERMEDICI PIRACICABA ASSISTENCIA MEDICA LTDA;SP;372113620.01;3207876.0345689654;7071100.98078374
CONFERÊNCIA SÃO JOSÉ DO AVAÍ;RJ;370810383.33;3822787.457010309;6952609.813446495
UNIMED DE MINEIROS COOPERATIVA DE TRABALHO MÉDICO ;GO;369296474.26;1923419.1367708333;4830616.296288784
UNIMED DE UBA COOPERATIVA DE TRABALHO MEDICO;MG;368045561.03000003;1711839.818744186;4491568.930212861
CAIXA DE ASSISTÊNCIA DOS MAGISTRADOS DE PERNAMBUCO;PE;360427072.96;3080573.273162393;6608668.953041637
UNIMED TRÊS CORAÇÕES COOPERATIVA DE TRABALHO MÉDICO LTDA.;MG;357113931.35;1840793.4605670103;4238775.249056881
ASSOCIAÇÃO PARANAENSE DE ASSISTÊNCIA À SAUDE DOS MEMBROS DO MINISTERIO PUBLICO DO PARANÁ;PR;353640282.18;3929336.4686666667;6783733.71873582
UNIMED CARATINGA - COOPERATIVA DE TRABALHO MÉDICO LTDA;MG;349178916.46999997;2312443.155430463;4578722.023428164
UNIMED NOROESTE DE MINAS COOPERATIVA DE TRABALHO MEDICO LTDA;MG;346089776.95;1721839.686318408;4072835.27499186
UNIMED NORTE DO PARANÁ COOPERATIVA REGIONAL DE TRABALHO MÉDICO;PR;345578208.93;1592526.3084331797;3854750.942805482
FUNDAÇÃO FILANTRÓPICA E BENEFICENTE DE SAÚDE ARNALDO GAVAZZA FILHO;MG;328259942.39;2525076.479923077;5276567.7460432565
UNIMED PLANALTO CENTRAL/RS - COOPERATIVA DE ASSISTÊNCIA  À SAÚDE LTDA.;RS;324332171.71999997;1874752.437687861;4122228.1485581803
UNIODONTO DE SÃO JOSÉ DOS CAMPOS COOPERATIVA DE TRABALHO ODONTOLÓGICO;SP;319522156.17;5605651.862631579;7979771.58152086
UNIMED ALFENAS COOPERATIVA DE TRABALHO MEDICO;MG;316152828.69;1796322.890284091;4151690.324313136
UNIMED VALE DO PIQUIRI-COOPERATIVA DE TRABALHO MÉDICO VALE DO PIQUIRI ;PR;315983517.84000003;1880854.272857143;4554734.484377952
AMPARA ASSISTÊNCIA MÉDICA PARAÍSO LTDA;MG;309858388.87;2383526.068230769;5343791.383072147
FUNDAÇÃO FIAT SAÚDE E BEM ESTAR;MG;308851967.07;12868831.96125;21650814.98224171
PRONTOCLINICA E HOSPITAIS SAO LUCAS S/A;MG;308316267.57;2111755.257328767;4068634.5209592036
BRASILDENTAL OPERADORA DE PLANOS ODONTOLÓGICOS S.A.;SP;304472497.4;7249345.176190476;9420742.79680835
UNIMED REGIÃO DA CAMPANHA/RS - COOPERATIVA DE ASSISTÊNCIA À SAÚDE LTDA.;RS;299723721.33;1350106.8528378378;3647115.3384132865
FUNDAÇÃO DE ASSISTÊNCIA À SAÚDE DA ASSOCIAÇÃO DO MINISTÉRIO PÚBLICO DO RIO GRANDE DO SUL;RS;292409993.2;4430454.442424242;7299018.899820672
UNIMED DE SAO JOSÉ DO RIO PARDO-COOP. DE TRAB. MÉDICO;SP;288857608.27;2602320.795225225;4860787.896785912
ASSOCIAÇÃO FCA SAÚDE;MG;287504747.73;6534198.812045455;16290639.827447927
CAIXA DE ASSISTÊNCIA DOS EMPREGADOS DO BANEB;BA;285588432.83;4262513.92283582;5296040.34790564
UNIMED SÃO SEBASTIÃO DO PARAÍSO COOPERATIVA DE TRABALHO MÉDICO;MG;283274651.38;1686158.6391666667;3208225.387490328
UNIMED LEOPOLDINA COOPERATIVA DE TRABALHO MÉDICO LTDA;MG;283221212.28;1966813.9741666664;4465912.162269322
PREVIDENT ASSISTÊNCIA ODONTOLÓGICA S.A;SP;279773581.87;7771488.385277778;8650950.953245107
UNIMED SUDOESTE DE MINAS COOPERATIVA DE TRABALHO MÉDICO;MG;277783183.73;1758121.4160126583;3874520.40722416
ASSOCIAÇÃO PLANO DE SAÚDE SANTA CASA DE VALINHOS;SP;274891620.99;3479640.7720253165;6603061.988218046
UNIMED DE DRACENA - COOPERATIVA DE TRABALHO MÉDICO;SP;271597752.28;1073508.90229249;2923104.759389127
ASSOCIAÇÃO POLICIAL DE ASSISTÊNCIA À SAÚDE DE RIBEIRÃO PRETO (APAS);SP;270985781.68;2913825.6094623655;5925523.950647756
PLAMER PLANO MEDICO RESENDE LTDA;RJ;266088445.58;2861166.0815053764;5564444.481504445
SOCIEDADE BENEFICENTE DEZOITO DE JULHO;MG;262106242.46;3798641.1950724637;6475651.481905158
ASSOCIACAO DOS PROFESSORES UNIVERSITÁRIOS DA BAHIA;BA;258898107.38;2397204.697962963;5231659.262261538
IRMANDADE DA SANTA CASA DE MISERICÓRDIA E MATERNIDADE DONA ZILDA SALVAGNI;SP;252624474.9;4281770.761016949;6545053.494115596
CAIXA DE ASSISTÊNCIA DOS EMPREGADOS DO BANESE;SE;246118487.19;3196343.9894805197;5782008.327361152
UNIMED DE REGISTRO COOPERATIVA DE TRABALHO MÉDICO;SP;242481085.49;4041351.4248333336;6293357.08286448
UNIMED DE MONTE ALTO - COOPERATIVA DE TRABALHO MÉDICO;SP;240801754.27;1672234.4046527778;3911106.989646955
UNIMED TRÊS PONTAS - COOPERATIVA DE TRABALHO MÉDICO;MG;239448201.32999998;1073758.7503587443;2983339.0209053517
ASSOCIAÇÃO DOS EMPREGADOS DA COMPANHIA ESTADUAL DE HABITAÇÃO E OBRAS PÚBLICAS - ASSEC;SE;238606914.47;5681117.011190476;7603873.812114485
UNIX SAÚDE S.A;BA;235943960.95;2051686.6169565215;3559829.750764683
UNIMED REGIONAL DE FLORIANO - COOPERATIVA DE TRABALHO MÉDICO;PI;233747731.32999998;2032588.9680869563;3936321.8184920074
ASSOCIAÇÃO DOS AUDITORES FISCAIS DA RECEITA ESTADUAL DO RIO DE JANEIRO;RJ;231204061.85;5137868.041111111;6378103.703241044
UNIODONTO BELÉM - COOPERATIVA DE ASSISTÊNCIA À SAÚDE ODONTOLÓGICA;PA;230524858.99;4268978.870185185;6254507.364500151
TRINO - ALIANCA FILANTRÓPICA DE ASSISTÊNCIA E INTEGRAÇÃO PARA O DESENVOLVIMENTO DA SAUDE;ES;230259639.87;3243093.519295775;6065810.116549853
UNIMED REGIÃO DA FRONTEIRA - RS COOPERATIVA DE ASSISTÊNCIA À SAÚDE LTDA.;RS;229812292.39000002;1445360.3294968554;3461147.6480219583
ATÍVIA SERVIÇOS DE SAÚDE S/A;SP;226820302.21;3335592.679558824;4518487.409408956
PB ASSISTENCIA MEDICA EU LTDA;BA;222883816.25;2751652.0524691357;4343460.903428175
ASSOCIAÇÃO SANTA CASA CLÍNICAS DE BIRIGUI;SP;221320189.78;2169805.782156863;4226563.717362212
ASSOCIAÇÃO POLICIAL DE ASSISTÊNCIA À SAÚDE DE ARAÇATUBA (APAS);SP;217970373.72;2594885.4014285714;5364717.7660845155
UNIMED SUDOESTE PAULISTA COOPERATIVA DE TRABALHO MÉDICO;SP;212618090.21;1296451.7695731707;3195999.692803114
PESSOAL SAÚDE PLANOS DE ASSISTÊNCIA MÉDICA LTDA;SP;206651127.13;3690198.69875;5635927.267419595
MAIS SAUDE S/A;ES;204333522.89;4086670.4577999995;6224636.878582986
ASSOCIAÇÃO DOS SERVIDORES MUNICIPAIS, ESTADUAIS E FEDERAIS DO RIO DE JANEIRO;RJ;204185161.23;2759258.9355405406;4145394.779458136
SANTA CASA DE MISERICORDIA HOSPITAL SÃO VICENTE;SP;200503208.93;1891539.7068867926;4448611.504995482
AME VVIDA PLANOS DE SAUDE INTEGRADO LTDA.;RO;192745775.44;3212429.5906666666;5011734.6604816085
UNIMED ALTO JACUÍ/RS - COOPERATIVA DE ASSISTÊNCIA À SAÚDE LTDA;RS;189724399.76;894926.4139622641;1884555.8834527724
SOCIEDADE PORTUGUESA DE BENEFICÊNCIA;RS;185520217.56;1394888.8538345865;3112964.358053595
UNIMED DE JATAÍ COOPERATIVA DE TRABALHO MÉDICO LTDA.;GO;182955736.43;575332.5044968553;1462794.0071162528
UNIODONTO DE FORTALEZA COOPERATIVA DE TRABALHO ODONTOLOGICO LTDA;CE;181608551.06;3243009.840357143;4985148.936807263
SANTA CASA DE MISERICÓRDIA E BENEFICÊNCIA PORTUGUESA;SP;177810972.99;2195197.1974074077;4086734.032019122
SANTA CASA DE SAÚDE - SCS;ES;169038334.1;2061443.0987804877;3618547.644687267
DESBAN - FUNDAÇÃO BDMG DE SEGURIDADE SOCIAL;MG;166816077.63;1390133.98025;3370450.4948418536
UNIMED DO OESTE DA BAHIA COOPERATIVA DE TRABALHO MÉDICO;BA;164675408.28;1892820.7848275863;2471213.4525241675
UNIODONTO PORTO ALEGRE COOPERATIVA ODONTOLOGICA LTDA;RS;164101645.34;3038919.3581481483;4498943.626732087
HOSPITAL DE PRONTOCLINICA LTDA.;RS;161347125.04;1646399.2351020407;3082814.5747209922
UNIODONTO REGIONAL COOPERATIVA ODONTOLOGICA;MG;157529978.68;2283043.1692753625;4014373.9995246786
UNIODONTO PIRACICABA - COOPERATIVA ODONTOLÓGICA;SP;157316395.93;2537361.2246774193;4278723.563214594
UNIMED SÃO JOÃO NEPOMUCENO COOPERATIVA DE TRABALHO MÉDICO LTDA.;MG;154942624.54999998;1239540.9963999998;2512037.2076099804
ATITUDE SAÚDE ASSISTÊNCIA MEDICA LTDA;BA;154678182.61;2178565.9522535214;3674692.6555364616
UNIODONTO MACEIÓ COOPERATIVA ODONTOLÓGICA;AL;153477796.02;5684362.815555556;5793089.604818246
AURORA SAÚDE LTDA;MG;153136751.09;1914209.3886250001;3187401.4055858827
UNIMED MACHADO COOPERATIVA DE TRABALHO MEDICO;MG;153093603.23;981369.251474359;2087780.4625162221
UNIMED VALE DO CARANGOLA COOPERATIVA DE TRABALHO MEDICO LTDA;MG;152157468.05;1300491.17991453;2362222.3327107076
COOPERATIVA DOS USUÁRIOS DE SERVIÇOS DE SAÚDE DO VALE DO RIO DOS SINOS LTDA;RS;147978383.76;2208632.593432836;3970899.2811196996
VIDA TOP MAIS SAÚDE OPERADORA DE PLANOS DE SAÚDE LTDA.;SP;142079800.07;1246314.0357017543;2818094.637871627
ASSOCIAÇAO UNISAUDE MARAU;RS;139486473.25;1499854.5510752688;2717626.2946102554
SUL DO PARÁ LTDA;PA;136406824.75;2393102.1885964912;2800621.742240378
RIO DOCE SAÚDE;ES;135702586.96;1304832.566923077;2817644.222276883
ON MED ASSISTÊNCIA MÉDICA LTDA;RS;132776860.71;1412519.794787234;2831020.7896152353
TOTAL ASSISTÊNCIA MÉDICA HOSPITALAR LTDA;MG;121674120.49;2295738.12245283;2903119.2831467637
UNIMED REGIONAL DE PICOS - COOPERATIVA DE TRABALHO MÉDICO;PI;116594384.98;2429049.6870833333;3492751.007699889
R.M.I. OPERADORA DE SAÚDE INTEGRADA LTDA;SP;116122486.11;3055854.897631579;4588378.277103439
ODONTO EMPRESAS CONVENIOS DENTARIOS LTDA.;SP;115487531.26;3499622.1593939397;3297867.702398134
FUNDAÇÃO PLAMHUV - PLANO MÉDICO HOSPITALAR DOS HOSPITAIS UNIDOS DE VIÇOSA;MG;112853362.45;868102.7880769231;2020534.1130380584
UNIODONTO DE JOÃO PESSOA COOPERATIVA ODONTOLÓGICA;PB;111411265.16000001;2652649.1704761907;3543562.053983881
UNIMED SOUSA - COOPERATIVA DE TRABALHO MÉDICO;PB;106894441.75;1068944.4175;1844265.2940794635
HOSPITAL CESAR LEITE;MG;103614685.91;1138622.922087912;1912344.3216475896
UNIODONTO DO BRASIL CENTRAL NACIONAL DAS COOPERATIVAS ODONTÓLOGICAS;SP;102882014.41;1804947.62122807;2524100.723968384
CAIXA DE ASSISTÊNCIA À SAÚDE DOS TRABALHADORES NAS INDÚSTRIAS METALÚRGICAS, MECÂNICAS E DO MATERIAL ELÉTRICO DE BRUSQUE;SC;100985052.27;1422324.6798591549;2593512.116497134
OPLAN SAÚDE OPERADORA DE PLANO DE SAÚDE LTDA;RJ;100925105.49;870044.0128448275;1717411.4452572393
ASSOCIAÇÃO DO FISCO DE ALAGOAS;AL;100765622.34;1937800.4296153847;5042494.127824051
ASSOCIACAO DE SAUDE HOLAMBRA;SP;99473224.19;2368410.0997619047;3410116.3816440557
UNIMED CAMPO BELO- COOPERATIVA DE TRABALHO MÉDICO;MG;98100789.77;469381.7692344497;1026620.2169034379
ASSOCIAÇÃO BENEFICENTE CATÓLICA;MG;97968791.03;851902.5306956522;1489192.8889899086
UNIODONTO PAULISTA-FEDERAÇÃO DAS COOPERATIVAS ODONTOLÓGICAS DO ESTADO DE SÃO PAULO;SP;94660625.45;2014055.8606382979;2322878.1813433305
SISTEMA TOTAL DE SAÚDE LTDA.;SP;91634582.05;1104031.1090361446;2005863.5592762888
UNIODONTO DE MANAUS - COOPERATIVA ODONTOLÓGICA LTDA.;AM;91128166.01;1446478.8255555558;2292528.734559721
ASSOCIAÇÃO POLICIAL DE ASSISTENCIA À SAUDE DE SAO JOAO DA BOA VISTA;SP;88859934.91;1217259.382328767;2328584.6827808325
AME-ASSISTÊNCIA MÉDICA A EMPRESAS LTDA;MG;87883651.21000001;861604.4236274511;1632556.3143309362
MEDGOLD ASSISTENCIA MEDICA LTDA - ME;MG;87489274.47;795357.0406363637;1286557.8238227672
PORTOMED - PORTO SEGURO SERVIÇOS DE SAUDE LTDA;SP;84378878.19;907299.765483871;1783831.0178302028
PRONTO SOCORRO CONDE DE MOREIRA LIMA;SP;83636542.27;610485.71;1260324.9415796313
PLAMESC PLANOS DE SAÚDE LTDA;RJ;81342000.01;968357.1429761905;1720515.6357615252
ASSOCIACAO POLICIAL DE ASSISTENCIA A SAUDE DE ITAPETININGA;SP;78429179.74000001;676113.618448276;1471847.7357220598
UNIODONTO DE AMERICANA COOPERATIVA ODONTOLÓGICA;SP;78340886.51;1305681.4418333333;1841963.7753065876
VOCÊ TOTAL PLANOS DE SAÚDE LIMITADA;SP;76686873.84;1111403.9686956522;1920513.4379213948
SANTA CASA DE MISERICÓRDIA DE TUPÃ;SP;74640525.49;1051275.0069014083;1787784.071139015
UNIMED DE BATATAIS - COOPERATIVA DE TRABALHO MÉDICO;SP;72929379.7;602722.1462809917;981954.7936566425
COMSEDER - COOPERATIVA DE ASSISTÊNCIA MÉDICA DOS SERVIDORES DA SUPLAN E DO DER LTDA;PB;72503669.01;1294708.3751785716;1890053.9784747385
ASSOCIACAO CIVIL PRÓ-SAÚDE DOS SERVIDORES DA UNIVERSIDADE ESTADUAL DE PONTA GROSSA;PR;71758200.47;1435164.0093999999;2245544.7032303084
ASSOCIAÇÃO UNIVIDA SANTA RITA DO PASSA QUATRO;SP;71447855.98;686998.6151923077;1470367.9171681942
DONA SAÚDE CLINICAS LTDA ;SP;65673368.11;1010359.5093846153;1439833.9129697161
UNIODONTO UBERABA - COOPERATIVA DE ASSISTÊNCIA À SAÚDE ODONTOLÓGICA LTDA;MG;65128624.11;1163011.1448214285;1788079.8400436118
S1 OPERADORA DE PLANO DE SAÚDE LTDA;DF;63480919.02;1058015.317;1741856.5145205157
TELOS - FUNDAÇÃO EMBRATEL DE SEGURIDADE SOCIAL;RJ;61467003.38;2561125.1408333336;2474382.4681151784
PLENUM ASSISTENCIA MEDICA  LTDA;DF;61218573.29;2186377.6175;2333258.4789044335
FUNDO DE ASSISTÊNCIA MÉDICO-HOSPITALAR DO MINISTÉRIO PÚBLICO;MS;59437418.25;928709.66015625;1452012.2191509355
CAIXA BENEFICENTE DOS FUNCIONÁRIOS DO GRUPO IGUAÇU;PR;57617329.65;811511.6852112676;1422296.2170745013
UNIODONTO DE SOROCABA COOPERATIVA ODONTOLÓGICA;SP;57216492.42;1362297.4385714286;1767603.219218536
PERSONAL CARE OPERADORA DE SAÚDE SA;SP;56340041.44;1173750.8633333333;1664323.3299181557
ASSOCIAÇÃO POLICIAL DE ASSISTÊNCIA À SAÚDE DE BARRETOS;SP;55843251.31;1163401.0689583335;1704669.048469689
CARING SAÚDE ASSISTÊNCIA MÉDICA LTDA.;RJ;54216826.86;1390175.0476923077;1703292.3716341169
UNIODONTO DE ARARAQUARA COOPERATIVA ODONTOLÓGICA;SP;53797413.37;978134.7885454545;1487231.5539896553
UNIODONTO DO SUL GOIANO COOPERATIVA ODONTOLOGICA;GO;51663833.13;1230091.2650000001;1526094.0111053125
UNIODONTO DE JUNDIAÍ COOPERATIVA ODONTOLÓGICA;SP;51269536.85;854492.2808333334;1217407.2602154384
CEAM BRASIL - PLANOS DE SAÚDE LTDA;MG;50904375.7;1755323.3;2307868.021610635
SAMIG - SERV. DE ASSISTENCIA MEDICA DA ILHA DO GOVERNADOR LTDA;RJ;48890613.37;679036.2968055555;837405.4656294656
CAMIM OPERADORA DE PLANO DE SAÚDE LTDA;RJ;48016641.09;1231195.9253846155;1088003.221402353
ASSOCIAÇÃO DOS SERVIDORES PÚBLICOS DA ADMINISTRAÇÃO DIRETA DO GOVERNO DO ESTADO DO PARÁ - ASPARÁ;PA;46777229.82;1063118.8595454546;1525005.7091067764
PLANO DE ASSISTÊNCIA MÉDICA MINEIRA LTDA;MG;46378825.07;572578.0872839506;781745.3569101972
ASSOCIAÇÃO HOSPITAL SAÚDE DE VARGEM GRANDE DO SUL;SP;45480136.39;842224.747962963;1233382.391372086
PRESERVE SAUDE ASSISTENCIA MEDICA LTDA;BA;43611238.12;363426.9843333333;868487.2315409961
SD-M OPERADORA DE PLANOS DE SAUDE LTDA;RJ;43049475.9;878560.7326530612;1078782.2549343773
VALE PLANOS DE SAÚDE LTDA;PE;42265403.93;960577.3620454546;1099705.7168347621
ASSOCIAÇÃO SAÚDE RURAL ALEGRETE;RS;41423620.14;552314.9352000001;1029858.9489467982
ASSOCIAÇÃO POLICIAL DE ASSISTÊNCIA À SAÚDE DE JAÚ;SP;40440982.41;416917.34443298966;812837.355568428
CAIXA DE ASSISTÊNCIA DOS EMPREGADOS DO SETOR PÚBLICO DO ESTADO DE GOIÁS - CAEME;GO;39980216.11;579423.4218840579;1059015.848722469
UNIODONTO DE LONDRINA COOP. ODONTOLÓGICA;PR;39664374.11;610221.1401538461;944451.6976184929
DENTAL CENTER LTDA;PB;37880995.88;841799.9084444445;1102743.359510242
ASSOCIACAO DOS SERVIDORES DA EMDAGRO - ASSEM;SE;37700030.43;608065.0069354839;1035860.4519701824
ASSOCIAÇÃO POLICIAL DE ASSISTENCIA A SAUDE DE BOTUCATU;SP;36371905.91;661307.3801818182;1104451.6398109114
BENEFICENCIA SOCIAL BOM SAMARITANO;MG;35763311.2;340602.96380952385;575418.8887911921
SANTA CASA DE MISERICÓRDIA E ASILO DOS POBRES DE BATATAIS;SP;35019932.46;282418.81016129034;535339.8466148627
HSMED SAUDE LTDA;RJ;35014520.9;389050.2322222222;593468.2890091517
ODONT-OPERADORA ODONTOLOGICA LTDA;SP;33741872.95;661605.3519607844;788841.2366372007
PD BRASIL ASSISTENCIA ODONTOLOGICA LTDA;MG;32400246.04;720005.4675555555;412255.27589018893
UNIODONTO RS FEDERACAO DAS UNIODONTOS DO RGS LTDA;RS;31902802.39;759590.5330952381;833084.9900831662
ÔNIX OPERADORA DE PLANOS DE SAÚDE LTDA;RJ;29258588.31;495908.27644067793;531184.8985555893
YOU ASSISTÊNCIA MÉDICA LTDA.;MG;28506600.32;2036185.7371428572;1657364.0153672313
SALUSMED OPERADORA DE PLANOS DE SAUDE LTDA;SP;28392018.37;630933.7415555556;816594.2322457895
ODONTOLIVE OPERADORA DE PLANOS ODONTOLÓGICOS LTDA.;SP;27802388.7;579216.43125;878505.4838941605
ASSOC DE ASSIST À SAÚDE DOS SERV DAS UNIV E INST FED, EST E/OU FAC PART EM PE;PE;26664178.19;555503.7122916667;709752.4197866721
ASSOCIAÇÃO PADRE PIO PLANOS DE SAÚDE;SP;24146840.49;383283.18238095235;630662.9449419632
COOPERATIVA DE TRABALHO ODONTOLOGICO - UNIODONTO ITAJUBÁ;MG;23514952.25;653193.1180555555;706202.0556387092
ASSOCIAÇÃO SERVIÇOS ODONTOLÓGICOS DA INDÚSTRIA DE MINAS GERAIS - ODONTOINDUSTRIA;MG;22558604.75;939941.8645833334;674678.9372385513
ASSOCIAÇÃO DOS FISCAIS DE TRIBUTOS ESTADUAIS DO RS - AFISVEC;RS;20621297.75;502958.48170731706;643482.2692024313
PLANO DE ASSISTÊNCIA ODONTOLÓGICA FAUCHARD LTDA. ME;BA;18557869.990000002;883708.0947619049;692161.587081238
HEALTH-MED SISTEMA DE SAUDE LTDA;RJ;17951642.65;284946.7087301587;428262.1062914022
QUALIDONTO - QUALIDADE EM ODONTOLOGIA LTDA ;BA;17162832.99;817277.7614285713;639970.4091823101
UNIODONTO DE MATO GROSSO COOP TRAB ODONTOLOGICO LTDA;MT;17077199.55;341543.99100000004;447452.24520385126
BLUZZ SAÚDE S/A;ES;17056630.59;262409.7013846154;347985.53977658413
SANTA CASA DA MISERICÓRDIA DE SÃO JOÃO DEL REI;MG;16918877.41;225585.03213333333;258118.9072943344
CAIXA SEGURADORA ESPECIALIZADA EM SAÚDE S/A;SP;15885402.459999999;387448.84048780485;640437.7084865468
MEDHEALTH PLANOS DE SAÚDE LTDA;PR;15052433.03;295145.7456862745;688732.3364984201
ODONTO SEG OPERADORA DE PLANOS ODONTOLOGICOS S.A.;SP;14263588.72;594316.1966666667;508237.4633762255
HOSPITAL DE CARIDADE SÃO VICENTE DE PAULO;PR;12878415.77;429280.5256666666;239028.69646761141
SAME-SERVIÇO DE ASSISTÊNCIA MÉDICA EMPRESARIAL LTDA.;MA;12736608.74;289468.38045454543;339482.1554515331
CROWN ODONTOLOGIA DE GRUPO LTDA;SP;10955023.76;280898.04512820515;293533.82745790854
ODILE SERVIÇOS DE SAÚDE LTDA.;SP;10862971.23;472303.09695652174;288860.5493879101
INNOVA PLANO DE SAUDE LTDA;RO;10848091.870000001;387431.85250000004;512149.5770950459
SORRIDEN CONVÊNIOS ODONTOLÓGICOS S.A.;SP;10324732.24;382397.4903703704;303598.5846487029
INFINITY SAÚDE SUPLEMENTAR LTDA;MT;9616283.12;162987.8494915254;241548.50726042438
UNIVIDA USA OPERADORA EM SAUDE S/A;SP;7079237.2;471949.14666666667;609968.593705482
BRASIL ODONTO OPERADORA DE PLANOS ODONTOLÓGICOS LTDA;TO;6428611.01;306124.3338095238;212980.75012859926
ALMA ODONTO OPERADORA DE PLANOS ODONTOLOGICOS LTDA;SP;6013158.16;250548.25666666668;133887.53247237107
SMART CARE SISTEMAS MÉDICOS E ODONTOLÓGICOS LTDA.;SP;5745191.92;359074.495;253480.03542455027
PLANO SIGMA SAÚDE LTDA;SP;5142541.45;321408.840625;98822.00473324087
EXCELÊNCIA PLANO DE SAÚDE S/A;ES;5016396.33;98360.71235294118;198861.4303010556
G & M ASSESSORIA MEDICA EMPRESARIAL LTDA;RJ;5009955.63;78280.55671875;98730.50413515081
POLIMÉDICA SAÚDE SOCIEDADE SIMPLES LTDA;RS;4936946.05;80933.54180327868;111672.2979533215
ODONTO PRIME S/S LTDA;CE;4857944.399999999;269885.8;159305.92613988317
BEMSTAR ASSISTENCIA MEDICA LTDA;BA;4754937.7700000005;83419.96087719299;82351.32580624623
BIORAL SISTEMA ODONTOLÓGICO LTDA.;SP;4612366.5;170828.38888888888;277656.73981782777
SAUDIA ASSISTENCIA MÉDICA LTDA;MG;3975998.7;64129.01129032258;88995.34914686128
ASSISTÊNCIA MÉDICA 12 DE OUTUBRO LTDA;SP;3529987.05;168094.6214285714;144075.429165661
INTERCLINICAS PLANO VIDA USA OPERADORA DE SAUDE LTDA;SP;2537854.0300000003;97609.77038461539;162349.23057238158
LIVRI OPERADORA DE PLANO DE SAÚDE LTDA;SP;1760697.55;73362.39791666667;45140.098927240324
CLÍNICA SÃO GABRIEL S/S LTDA;SP;1389079.65;27781.592999999997;29718.69411947145
EVO SAUDE ASSISTENCIA MEDICA LTDA;DF;861805.86;31918.735555555555;40486.91383159277
SAGRADA SAÚDE ASSISTÊNCIA MÉDICA LTDA;MG;785669.03;19162.659268292682;24069.02878030005
PLURAL GESTÃO EM PLANOS DE SAÚDE LTDA;RJ;478569.42000000004;159523.14;147858.54512779537
SOCIODONTO PLANO DE ASSISTÊNCIA ODONTOLÓGICA LTDA;MG;317622.95;26468.579166666666;26517.3594963445
UNIMED PARAIBA - FEDERAÇAO DAS SOCIEDADES COOPERATIVAS DE TRABALHO MEDICO;PB;310892.39;5454.252456140352;9853.101992689424
SAUDE SALV ASSISTENCIA MEDICA LTDA;RO;222347.58;17103.66;16163.94042128651
VITTA SAUDE ADMINISTRADORA DE BENEFICIOS LTDA.;SP;53132.41;26566.205;3121.8835100064166
ARL ADMINISTRADORA DE BENEFÍCIOS LTDA.;SP;28400.0;2840.0;0.0
CENTRAL OPERADORA DE PLANOS DE SAÚDE NORTE-NORDESTE LTDA;PB;14360.52;1595.6133333333335;2385.35
MAXIMED PLANOS DE SAUDE LTDA;RJ;1.0;1.0;
